model,dataset,prompting,condition,n_items,base_accuracy,perturbed_accuracy,drop,drop_ci_low,drop_ci_high,mcnemar_b,mcnemar_c,base_parse_rate,perturbed_parse_rate
Llama3.1,math-qa,standard,nota_answer,500,0.364,0.058,0.306,0.26,0.352,169,16,1.0,1.0
Llama3.1,math-qa,standard,nota_distractor,500,0.364,0.328,0.036,0.01,0.062,33,15,1.0,1.0
Llama3.1,math-qa,cot,nota_answer,500,0.682,0.062,0.62,0.574,0.666,321,11,0.806,0.48
Llama3.1,math-qa,cot,nota_distractor,500,0.682,0.668,0.014,-0.016,0.044,33,26,0.806,0.794
Llama3.1,sciq,standard,nota_answer,500,0.934,0.246,0.688,0.646,0.73,348,4,1.0,1.0
Llama3.1,sciq,standard,nota_distractor,500,0.934,0.932,0.002,-0.008,0.012,4,3,1.0,1.0
Llama3.1,sciq,cot,nota_answer,500,0.928,0.35,0.578,0.534,0.622,292,3,1.0,0.986
Llama3.1,sciq,cot,nota_distractor,500,0.928,0.916,0.012,-0.008,0.032,15,9,1.0,0.998
Qwen2.5,math-qa,standard,nota_answer,500,0.39,0.14,0.25,0.202,0.3,155,30,1.0,1.0
Qwen2.5,math-qa,standard,nota_distractor,500,0.39,0.374,0.016,-0.006,0.038,19,11,1.0,1.0
Qwen2.5,math-qa,cot,nota_answer,500,0.734,0.564,0.17,0.122,0.218,121,36,0.876,0.842
Qwen2.5,math-qa,cot,nota_distractor,500,0.734,0.728,0.006,-0.018,0.03,20,17,0.876,0.896
Qwen2.5,sciq,standard,nota_answer,500,0.95,0.682,0.268,0.226,0.31,142,8,1.0,1.0
Qwen2.5,sciq,standard,nota_distractor,500,0.95,0.938,0.012,0.0,0.026,9,3,1.0,1.0
Qwen2.5,sciq,cot,nota_answer,500,0.928,0.656,0.272,0.23,0.316,145,9,1.0,1.0
Qwen2.5,sciq,cot,nota_distractor,500,0.928,0.916,0.012,-0.008,0.032,16,10,1.0,1.0
Olmo3,math-qa,standard,nota_answer,500,0.342,0.052,0.29,0.246,0.334,161,16,1.0,1.0
Olmo3,math-qa,standard,nota_distractor,500,0.342,0.32,0.022,0.004,0.042,17,6,1.0,1.0
Olmo3,math-qa,cot,nota_answer,500,0.724,0.632,0.092,0.046,0.14,97,51,0.876,0.868
Olmo3,math-qa,cot,nota_distractor,500,0.724,0.674,0.05,0.018,0.082,48,23,0.876,0.9
Olmo3,sciq,standard,nota_answer,500,0.896,0.272,0.624,0.58,0.666,315,3,1.0,1.0
Olmo3,sciq,standard,nota_distractor,500,0.896,0.88,0.016,0.0,0.032,12,4,1.0,1.0
Olmo3,sciq,cot,nota_answer,500,0.92,0.642,0.278,0.236,0.32,147,8,1.0,1.0
Olmo3,sciq,cot,nota_distractor,500,0.92,0.874,0.046,0.018,0.074,37,14,1.0,1.0
Gemma3-4B,math-qa,standard,nota_answer,500,0.256,0.0,0.256,0.218,0.296,128,0,1.0,1.0
Gemma3-4B,math-qa,standard,nota_distractor,500,0.256,0.252,0.004,-0.018,0.026,17,15,1.0,1.0
Gemma3-4B,math-qa,cot,nota_answer,500,0.506,0.166,0.34,0.294,0.386,182,12,0.676,0.576
Gemma3-4B,math-qa,cot,nota_distractor,500,0.506,0.506,0.0,-0.028,0.028,26,26,0.676,0.686
Gemma3-4B,sciq,standard,nota_answer,500,0.868,0.454,0.414,0.368,0.46,215,8,1.0,1.0
Gemma3-4B,sciq,standard,nota_distractor,500,0.868,0.86,0.008,-0.002,0.02,6,2,1.0,1.0
Gemma3-4B,sciq,cot,nota_answer,500,0.9,0.532,0.368,0.322,0.416,196,12,1.0,1.0
Gemma3-4B,sciq,cot,nota_distractor,500,0.9,0.876,0.024,0.004,0.046,21,9,1.0,1.0
Gemma3-12B,math-qa,standard,nota_answer,500,0.298,0.024,0.274,0.234,0.316,144,7,1.0,1.0
Gemma3-12B,math-qa,standard,nota_distractor,500,0.298,0.308,-0.01,-0.028,0.006,7,12,1.0,1.0
Gemma3-12B,math-qa,cot,nota_answer,500,0.642,0.29,0.352,0.302,0.402,199,23,0.778,0.6
Gemma3-12B,math-qa,cot,nota_distractor,500,0.642,0.628,0.014,-0.014,0.044,31,24,0.778,0.782
Gemma3-12B,sciq,standard,nota_answer,500,0.95,0.26,0.69,0.648,0.73,347,2,1.0,1.0
Gemma3-12B,sciq,standard,nota_distractor,500,0.95,0.95,0.0,-0.006,0.006,1,1,1.0,1.0
Gemma3-12B,sciq,cot,nota_answer,500,0.944,0.506,0.438,0.394,0.482,222,3,1.0,1.0
Gemma3-12B,sciq,cot,nota_distractor,500,0.944,0.948,-0.004,-0.018,0.01,5,7,1.0,1.0
Gemma3-27B,math-qa,standard,nota_answer,500,0.43,0.108,0.322,0.272,0.37,181,20,0.996,0.998
Gemma3-27B,math-qa,standard,nota_distractor,500,0.43,0.408,0.022,0.002,0.042,18,7,0.996,0.99
Gemma3-27B,math-qa,cot,nota_answer,500,0.726,0.346,0.38,0.33,0.43,211,21,0.836,0.676
Gemma3-27B,math-qa,cot,nota_distractor,500,0.726,0.726,0.0,-0.02,0.02,14,14,0.836,0.87
Gemma3-27B,sciq,standard,nota_answer,500,0.964,0.32,0.644,0.602,0.686,324,2,1.0,0.994
Gemma3-27B,sciq,standard,nota_distractor,500,0.964,0.954,0.01,0.002,0.02,5,0,1.0,1.0
Gemma3-27B,sciq,cot,nota_answer,500,0.954,0.54,0.414,0.37,0.46,211,4,1.0,1.0
Gemma3-27B,sciq,cot,nota_distractor,500,0.954,0.964,-0.01,-0.022,0.0,1,6,1.0,1.0
