model,benchmark,layer,n_questions,mean_cosine_similarity,std_cosine_similarity,random_pair_baseline_mean,random_pair_baseline_std,cross_benchmark_offset,adjusted_mean_random_pair,adjusted_mean_cross_benchmark
Llama-3.1-8B-Instruct,logiqa,0,100,0.986025,0.098167,0.904186,0.246383,0.495047,0.081839,0.490978
Llama-3.1-8B-Instruct,logiqa,1,100,0.967344,0.067761,0.864187,0.179899,0.612096,0.103157,0.355248
Llama-3.1-8B-Instruct,logiqa,2,100,0.909746,0.075481,0.75966,0.161632,0.57439,0.150086,0.335356
Llama-3.1-8B-Instruct,logiqa,3,100,0.93209,0.068428,0.792673,0.156841,0.594835,0.139416,0.337255
Llama-3.1-8B-Instruct,logiqa,4,100,0.856934,0.101212,0.67577,0.138277,0.589807,0.181164,0.267126
Llama-3.1-8B-Instruct,logiqa,5,100,0.77457,0.128199,0.561423,0.119134,0.590592,0.213147,0.183978
Llama-3.1-8B-Instruct,logiqa,6,100,0.769355,0.135002,0.553827,0.106552,0.616605,0.215529,0.15275
Llama-3.1-8B-Instruct,logiqa,7,100,0.710195,0.15937,0.476229,0.100292,0.631658,0.233966,0.078538
Llama-3.1-8B-Instruct,logiqa,8,100,0.688184,0.162716,0.461645,0.095189,0.638573,0.226539,0.049611
Llama-3.1-8B-Instruct,logiqa,9,100,0.674805,0.168719,0.450842,0.095873,0.647445,0.223963,0.02736
Llama-3.1-8B-Instruct,logiqa,10,100,0.680234,0.162195,0.460844,0.089457,0.66166,0.21939,0.018574
Llama-3.1-8B-Instruct,logiqa,11,100,0.655059,0.174102,0.422825,0.088176,0.659421,0.232234,-0.004363
Llama-3.1-8B-Instruct,logiqa,12,100,0.669687,0.165808,0.440047,0.093117,0.663623,0.229641,0.006064
Llama-3.1-8B-Instruct,logiqa,13,100,0.733223,0.130793,0.547729,0.080973,0.705039,0.185493,0.028184
Llama-3.1-8B-Instruct,logiqa,14,100,0.728105,0.137674,0.534583,0.083687,0.711304,0.193523,0.016802
Llama-3.1-8B-Instruct,logiqa,15,100,0.734961,0.135938,0.540594,0.088136,0.700564,0.194367,0.034397
Llama-3.1-8B-Instruct,logiqa,16,100,0.739551,0.141945,0.549328,0.089125,0.725303,0.190223,0.014248
Llama-3.1-8B-Instruct,logiqa,17,100,0.763262,0.130522,0.587625,0.083837,0.742725,0.175637,0.020537
Llama-3.1-8B-Instruct,logiqa,18,100,0.769922,0.129806,0.596336,0.08621,0.748672,0.173586,0.02125
Llama-3.1-8B-Instruct,logiqa,19,100,0.770938,0.132916,0.594723,0.087146,0.753921,0.176215,0.017017
Llama-3.1-8B-Instruct,logiqa,20,100,0.771406,0.132248,0.592364,0.087178,0.757729,0.179042,0.013677
Llama-3.1-8B-Instruct,logiqa,21,100,0.761133,0.134947,0.57422,0.091389,0.743784,0.186913,0.017349
Llama-3.1-8B-Instruct,logiqa,22,100,0.760938,0.134383,0.569094,0.095212,0.742734,0.191844,0.018203
Llama-3.1-8B-Instruct,logiqa,23,100,0.775332,0.129978,0.592623,0.101085,0.747759,0.182709,0.027573
Llama-3.1-8B-Instruct,logiqa,24,100,0.777891,0.131078,0.597472,0.105368,0.75418,0.180418,0.023711
Llama-3.1-8B-Instruct,logiqa,25,100,0.779707,0.130621,0.600345,0.106313,0.753757,0.179362,0.02595
Llama-3.1-8B-Instruct,logiqa,26,100,0.782578,0.129093,0.60603,0.10222,0.760178,0.176548,0.0224
Llama-3.1-8B-Instruct,logiqa,27,100,0.787891,0.12751,0.617869,0.101776,0.771396,0.170021,0.016494
Llama-3.1-8B-Instruct,logiqa,28,100,0.792617,0.122179,0.622338,0.095631,0.775696,0.170279,0.016921
Llama-3.1-8B-Instruct,logiqa,29,100,0.798516,0.116456,0.633313,0.087445,0.784746,0.165202,0.01377
Llama-3.1-8B-Instruct,logiqa,30,100,0.796152,0.115838,0.624785,0.081587,0.78521,0.171367,0.010942
Llama-3.1-8B-Instruct,logiqa,31,100,0.804883,0.108794,0.635682,0.075013,0.790024,0.169201,0.014858
Llama-3.1-8B-Instruct,logiqa,32,100,0.837969,0.088859,0.66741,0.072631,0.798115,0.170559,0.039854
Llama-3.1-8B-Instruct,math-qa,0,100,0.471213,0.308742,0.166288,0.158095,0.495047,0.304926,-0.023834
Llama-3.1-8B-Instruct,math-qa,1,100,0.692803,0.196797,0.35058,0.152737,0.612096,0.342222,0.080707
Llama-3.1-8B-Instruct,math-qa,2,100,0.691641,0.186204,0.323826,0.1457,0.57439,0.367814,0.117251
Llama-3.1-8B-Instruct,math-qa,3,100,0.711758,0.17658,0.344973,0.137214,0.594835,0.366785,0.116923
Llama-3.1-8B-Instruct,math-qa,4,100,0.718018,0.170425,0.351091,0.129991,0.589807,0.366927,0.12821
Llama-3.1-8B-Instruct,math-qa,5,100,0.733008,0.162855,0.344394,0.134073,0.590592,0.388614,0.142416
Llama-3.1-8B-Instruct,math-qa,6,100,0.758906,0.159574,0.363352,0.129609,0.616605,0.395554,0.142301
Llama-3.1-8B-Instruct,math-qa,7,100,0.774902,0.152855,0.374107,0.124915,0.631658,0.400795,0.143245
Llama-3.1-8B-Instruct,math-qa,8,100,0.793164,0.147578,0.37715,0.128597,0.638573,0.416014,0.154591
Llama-3.1-8B-Instruct,math-qa,9,100,0.808037,0.145728,0.388453,0.126835,0.647445,0.419584,0.160592
Llama-3.1-8B-Instruct,math-qa,10,100,0.82209,0.1456,0.404599,0.128887,0.66166,0.417491,0.16043
Llama-3.1-8B-Instruct,math-qa,11,100,0.824219,0.147578,0.408401,0.128529,0.659421,0.415818,0.164797
Llama-3.1-8B-Instruct,math-qa,12,100,0.819512,0.149766,0.403517,0.127574,0.663623,0.415995,0.155889
Llama-3.1-8B-Instruct,math-qa,13,100,0.821367,0.142487,0.434935,0.11085,0.705039,0.386432,0.116328
Llama-3.1-8B-Instruct,math-qa,14,100,0.820273,0.138963,0.449185,0.107572,0.711304,0.371088,0.10897
Llama-3.1-8B-Instruct,math-qa,15,100,0.79873,0.145093,0.4151,0.10692,0.700564,0.38363,0.098167
Llama-3.1-8B-Instruct,math-qa,16,100,0.824434,0.128799,0.478088,0.097748,0.725303,0.346345,0.099131
Llama-3.1-8B-Instruct,math-qa,17,100,0.838848,0.11776,0.509131,0.095421,0.742725,0.329717,0.096123
Llama-3.1-8B-Instruct,math-qa,18,100,0.845039,0.113165,0.520803,0.093533,0.748672,0.324236,0.096367
Llama-3.1-8B-Instruct,math-qa,19,100,0.864336,0.101927,0.55729,0.091942,0.753921,0.307046,0.110415
Llama-3.1-8B-Instruct,math-qa,20,100,0.87459,0.093883,0.584643,0.091196,0.757729,0.289947,0.11686
Llama-3.1-8B-Instruct,math-qa,21,100,0.865625,0.097042,0.568786,0.092108,0.743784,0.296839,0.121841
Llama-3.1-8B-Instruct,math-qa,22,100,0.861641,0.095618,0.57736,0.088895,0.742734,0.284281,0.118906
Llama-3.1-8B-Instruct,math-qa,23,100,0.870234,0.088357,0.592833,0.086678,0.747759,0.277402,0.122476
Llama-3.1-8B-Instruct,math-qa,24,100,0.877383,0.082735,0.608707,0.085142,0.75418,0.268675,0.123203
Llama-3.1-8B-Instruct,math-qa,25,100,0.880703,0.081234,0.614708,0.08308,0.753757,0.265996,0.126946
Llama-3.1-8B-Instruct,math-qa,26,100,0.884062,0.080161,0.613746,0.083086,0.760178,0.270317,0.123884
Llama-3.1-8B-Instruct,math-qa,27,100,0.895117,0.073397,0.637013,0.078918,0.771396,0.258104,0.123721
Llama-3.1-8B-Instruct,math-qa,28,100,0.894844,0.073948,0.623223,0.081386,0.775696,0.271621,0.119148
Llama-3.1-8B-Instruct,math-qa,29,100,0.901992,0.070332,0.633075,0.077744,0.784746,0.268917,0.117246
Llama-3.1-8B-Instruct,math-qa,30,100,0.90043,0.073687,0.607793,0.08519,0.78521,0.292637,0.11522
Llama-3.1-8B-Instruct,math-qa,31,100,0.909727,0.068779,0.623975,0.088367,0.790024,0.285752,0.119702
Llama-3.1-8B-Instruct,math-qa,32,100,0.924141,0.068448,0.604315,0.116816,0.798115,0.319826,0.126025
Llama-3.1-8B-Instruct,biomix-qa,0,100,0.228115,0.269894,0.233749,0.269839,0.495047,-0.005634,-0.266932
Llama-3.1-8B-Instruct,biomix-qa,1,100,0.359805,0.20186,0.325287,0.193929,0.612096,0.034518,-0.252291
Llama-3.1-8B-Instruct,biomix-qa,2,100,0.273086,0.1979,0.232581,0.179833,0.57439,0.040505,-0.301304
Llama-3.1-8B-Instruct,biomix-qa,3,100,0.27875,0.196087,0.229541,0.171754,0.594835,0.049209,-0.316085
Llama-3.1-8B-Instruct,biomix-qa,4,100,0.282964,0.173816,0.236109,0.154663,0.589807,0.046855,-0.306843
Llama-3.1-8B-Instruct,biomix-qa,5,100,0.327324,0.182733,0.273613,0.154359,0.590592,0.053712,-0.263268
Llama-3.1-8B-Instruct,biomix-qa,6,100,0.391914,0.184767,0.320592,0.158243,0.616605,0.071322,-0.224691
Llama-3.1-8B-Instruct,biomix-qa,7,100,0.47627,0.167391,0.407122,0.14976,0.631658,0.069148,-0.155388
Llama-3.1-8B-Instruct,biomix-qa,8,100,0.49541,0.173477,0.434797,0.142409,0.638573,0.060614,-0.143163
Llama-3.1-8B-Instruct,biomix-qa,9,100,0.520977,0.170555,0.464905,0.13718,0.647445,0.056071,-0.126469
Llama-3.1-8B-Instruct,biomix-qa,10,100,0.547734,0.164476,0.490954,0.136432,0.66166,0.05678,-0.113926
Llama-3.1-8B-Instruct,biomix-qa,11,100,0.565176,0.162131,0.510731,0.134413,0.659421,0.054445,-0.094246
Llama-3.1-8B-Instruct,biomix-qa,12,100,0.576582,0.161806,0.526446,0.133074,0.663623,0.050136,-0.087041
Llama-3.1-8B-Instruct,biomix-qa,13,100,0.617012,0.154966,0.573323,0.130215,0.705039,0.043688,-0.088027
Llama-3.1-8B-Instruct,biomix-qa,14,100,0.638281,0.145301,0.596372,0.124663,0.711304,0.041909,-0.073022
Llama-3.1-8B-Instruct,biomix-qa,15,100,0.615117,0.155187,0.571957,0.13483,0.700564,0.04316,-0.085447
Llama-3.1-8B-Instruct,biomix-qa,16,100,0.650918,0.145242,0.612767,0.127038,0.725303,0.038151,-0.074385
Llama-3.1-8B-Instruct,biomix-qa,17,100,0.658105,0.154225,0.621093,0.130396,0.742725,0.037012,-0.084619
Llama-3.1-8B-Instruct,biomix-qa,18,100,0.665117,0.153308,0.618945,0.134971,0.748672,0.046172,-0.083555
Llama-3.1-8B-Instruct,biomix-qa,19,100,0.656035,0.169182,0.611573,0.147507,0.753921,0.044462,-0.097886
Llama-3.1-8B-Instruct,biomix-qa,20,100,0.648633,0.177482,0.604691,0.154814,0.757729,0.043941,-0.109097
Llama-3.1-8B-Instruct,biomix-qa,21,100,0.626582,0.193808,0.581628,0.169654,0.743784,0.044954,-0.117202
Llama-3.1-8B-Instruct,biomix-qa,22,100,0.626934,0.195831,0.586377,0.172683,0.742734,0.040557,-0.115801
Llama-3.1-8B-Instruct,biomix-qa,23,100,0.621113,0.199618,0.577852,0.176196,0.747759,0.043262,-0.126646
Llama-3.1-8B-Instruct,biomix-qa,24,100,0.62582,0.198532,0.582717,0.176218,0.75418,0.043103,-0.128359
Llama-3.1-8B-Instruct,biomix-qa,25,100,0.621787,0.200032,0.57736,0.177706,0.753757,0.044427,-0.13197
Llama-3.1-8B-Instruct,biomix-qa,26,100,0.631982,0.195924,0.590595,0.17424,0.760178,0.041387,-0.128196
Llama-3.1-8B-Instruct,biomix-qa,27,100,0.648184,0.189822,0.608584,0.170221,0.771396,0.039599,-0.123213
Llama-3.1-8B-Instruct,biomix-qa,28,100,0.657725,0.184912,0.618603,0.164192,0.775696,0.039122,-0.117971
Llama-3.1-8B-Instruct,biomix-qa,29,100,0.669922,0.181944,0.631079,0.16219,0.784746,0.038843,-0.114824
Llama-3.1-8B-Instruct,biomix-qa,30,100,0.671582,0.176008,0.63163,0.15562,0.78521,0.039952,-0.113628
Llama-3.1-8B-Instruct,biomix-qa,31,100,0.672559,0.179879,0.632294,0.158084,0.790024,0.040265,-0.117466
Llama-3.1-8B-Instruct,biomix-qa,32,100,0.6675,0.189102,0.632681,0.160864,0.798115,0.034819,-0.130615
Llama-3.1-8B-Instruct,sciq,0,100,0.294836,0.386854,0.055883,0.068928,0.495047,0.238952,-0.200212
Llama-3.1-8B-Instruct,sciq,1,100,0.428433,0.29046,0.191576,0.070337,0.612096,0.236857,-0.183663
Llama-3.1-8B-Instruct,sciq,2,100,0.423086,0.250758,0.185729,0.084349,0.57439,0.237357,-0.151304
Llama-3.1-8B-Instruct,sciq,3,100,0.456743,0.231736,0.223395,0.076387,0.594835,0.233348,-0.138092
Llama-3.1-8B-Instruct,sciq,4,100,0.501313,0.19866,0.236803,0.073269,0.589807,0.264511,-0.088494
Llama-3.1-8B-Instruct,sciq,5,100,0.527466,0.191517,0.236259,0.074596,0.590592,0.291206,-0.063126
Llama-3.1-8B-Instruct,sciq,6,100,0.546245,0.191061,0.238605,0.074015,0.616605,0.30764,-0.07036
Llama-3.1-8B-Instruct,sciq,7,100,0.565264,0.179365,0.266336,0.075804,0.631658,0.298928,-0.066394
Llama-3.1-8B-Instruct,sciq,8,100,0.577534,0.165346,0.297096,0.075751,0.638573,0.280438,-0.061039
Llama-3.1-8B-Instruct,sciq,9,100,0.585962,0.156859,0.313167,0.075195,0.647445,0.272795,-0.061483
Llama-3.1-8B-Instruct,sciq,10,100,0.596582,0.15044,0.333672,0.073419,0.66166,0.26291,-0.065078
Llama-3.1-8B-Instruct,sciq,11,100,0.593232,0.147239,0.333705,0.074576,0.659421,0.259527,-0.066189
Llama-3.1-8B-Instruct,sciq,12,100,0.588711,0.149394,0.341177,0.078529,0.663623,0.247534,-0.074912
Llama-3.1-8B-Instruct,sciq,13,100,0.648555,0.127703,0.434754,0.072309,0.705039,0.2138,-0.056484
Llama-3.1-8B-Instruct,sciq,14,100,0.658555,0.127252,0.443271,0.068844,0.711304,0.215283,-0.052749
Llama-3.1-8B-Instruct,sciq,15,100,0.653447,0.12935,0.432355,0.071189,0.700564,0.221092,-0.047117
Llama-3.1-8B-Instruct,sciq,16,100,0.686309,0.1272,0.473828,0.072887,0.725303,0.212481,-0.038994
Llama-3.1-8B-Instruct,sciq,17,100,0.710684,0.119395,0.508545,0.068397,0.742725,0.202138,-0.032041
Llama-3.1-8B-Instruct,sciq,18,100,0.714609,0.125642,0.501482,0.074793,0.748672,0.213128,-0.034063
Llama-3.1-8B-Instruct,sciq,19,100,0.724375,0.123635,0.512696,0.073385,0.753921,0.211679,-0.029546
Llama-3.1-8B-Instruct,sciq,20,100,0.736289,0.119652,0.537737,0.072002,0.757729,0.198552,-0.02144
Llama-3.1-8B-Instruct,sciq,21,100,0.721797,0.127435,0.51405,0.076088,0.743784,0.207747,-0.021987
Llama-3.1-8B-Instruct,sciq,22,100,0.721426,0.128206,0.507909,0.077862,0.742734,0.213517,-0.021309
Llama-3.1-8B-Instruct,sciq,23,100,0.724355,0.128441,0.507847,0.082086,0.747759,0.216509,-0.023403
Llama-3.1-8B-Instruct,sciq,24,100,0.735625,0.124905,0.525317,0.083817,0.75418,0.210308,-0.018555
Llama-3.1-8B-Instruct,sciq,25,100,0.732832,0.125816,0.523393,0.086173,0.753757,0.209439,-0.020925
Llama-3.1-8B-Instruct,sciq,26,100,0.74209,0.122284,0.538424,0.086141,0.760178,0.203666,-0.018088
Llama-3.1-8B-Instruct,sciq,27,100,0.754395,0.11675,0.561199,0.085176,0.771396,0.193196,-0.017002
Llama-3.1-8B-Instruct,sciq,28,100,0.757598,0.113318,0.564511,0.081067,0.775696,0.193087,-0.018098
Llama-3.1-8B-Instruct,sciq,29,100,0.768555,0.108635,0.579219,0.078123,0.784746,0.189336,-0.016191
Llama-3.1-8B-Instruct,sciq,30,100,0.772676,0.103557,0.577353,0.073796,0.78521,0.195323,-0.012534
Llama-3.1-8B-Instruct,sciq,31,100,0.77293,0.106044,0.573052,0.082003,0.790024,0.199878,-0.017095
Llama-3.1-8B-Instruct,sciq,32,100,0.762852,0.124815,0.52379,0.112522,0.798115,0.239061,-0.035264
Qwen2.5-7B-Instruct,logiqa,0,100,0.957666,0.184076,0.880911,0.294238,0.551751,0.076755,0.405915
Qwen2.5-7B-Instruct,logiqa,1,100,0.957949,0.103372,0.884148,0.181978,0.691223,0.073801,0.266726
Qwen2.5-7B-Instruct,logiqa,2,100,0.953809,0.089094,0.878111,0.14814,0.72355,0.075697,0.230259
Qwen2.5-7B-Instruct,logiqa,3,100,0.947852,0.086471,0.86553,0.135562,0.699651,0.082322,0.248201
Qwen2.5-7B-Instruct,logiqa,4,100,0.912969,0.09207,0.793883,0.127101,0.64509,0.119086,0.267878
Qwen2.5-7B-Instruct,logiqa,5,100,0.89877,0.101541,0.7583,0.134672,0.626716,0.14047,0.272053
Qwen2.5-7B-Instruct,logiqa,6,100,0.916426,0.097188,0.781408,0.131958,0.626486,0.135018,0.28994
Qwen2.5-7B-Instruct,logiqa,7,100,0.904609,0.101447,0.757628,0.137188,0.638081,0.146981,0.266528
Qwen2.5-7B-Instruct,logiqa,8,100,0.865156,0.107026,0.696739,0.129883,0.654409,0.168417,0.210747
Qwen2.5-7B-Instruct,logiqa,9,100,0.864766,0.106214,0.70042,0.121471,0.670403,0.164346,0.194363
Qwen2.5-7B-Instruct,logiqa,10,100,0.870898,0.098576,0.711177,0.113471,0.676436,0.159721,0.194463
Qwen2.5-7B-Instruct,logiqa,11,100,0.875859,0.090542,0.715423,0.102926,0.701707,0.160436,0.174153
Qwen2.5-7B-Instruct,logiqa,12,100,0.863672,0.097244,0.70133,0.101576,0.706318,0.162342,0.157354
Qwen2.5-7B-Instruct,logiqa,13,100,0.858164,0.09718,0.696733,0.098072,0.710376,0.161431,0.147788
Qwen2.5-7B-Instruct,logiqa,14,100,0.870039,0.088278,0.722908,0.0888,0.732666,0.147131,0.137373
Qwen2.5-7B-Instruct,logiqa,15,100,0.86418,0.094596,0.707403,0.092913,0.731313,0.156777,0.132866
Qwen2.5-7B-Instruct,logiqa,16,100,0.882344,0.083758,0.748125,0.084733,0.75855,0.134219,0.123794
Qwen2.5-7B-Instruct,logiqa,17,100,0.866406,0.091711,0.71174,0.092534,0.757056,0.154666,0.109351
Qwen2.5-7B-Instruct,logiqa,18,100,0.871133,0.091141,0.723159,0.094495,0.760376,0.147974,0.110757
Qwen2.5-7B-Instruct,logiqa,19,100,0.879453,0.084741,0.744973,0.086084,0.782949,0.13448,0.096504
Qwen2.5-7B-Instruct,logiqa,20,100,0.872266,0.088073,0.724082,0.086084,0.794258,0.148183,0.078008
Qwen2.5-7B-Instruct,logiqa,21,100,0.864102,0.092858,0.698616,0.093574,0.776387,0.165486,0.087715
Qwen2.5-7B-Instruct,logiqa,22,100,0.867578,0.090742,0.700853,0.093769,0.783408,0.166725,0.08417
Qwen2.5-7B-Instruct,logiqa,23,100,0.860195,0.096145,0.681681,0.097495,0.77832,0.178514,0.081875
Qwen2.5-7B-Instruct,logiqa,24,100,0.861094,0.098445,0.69279,0.094828,0.777441,0.168304,0.083652
Qwen2.5-7B-Instruct,logiqa,25,100,0.877266,0.089179,0.726321,0.085083,0.792446,0.150944,0.084819
Qwen2.5-7B-Instruct,logiqa,26,100,0.871875,0.090384,0.7114,0.081775,0.796899,0.160475,0.074976
Qwen2.5-7B-Instruct,logiqa,27,100,0.889687,0.078494,0.749449,0.078331,0.815371,0.140239,0.074316
Qwen2.5-7B-Instruct,logiqa,28,100,0.872207,0.111707,0.680419,0.122766,0.772798,0.191788,0.099409
Qwen2.5-7B-Instruct,math-qa,0,100,0.603513,0.287131,0.354375,0.28201,0.551751,0.249138,0.051762
Qwen2.5-7B-Instruct,math-qa,1,100,0.723867,0.1762,0.500051,0.137762,0.691223,0.223817,0.032644
Qwen2.5-7B-Instruct,math-qa,2,100,0.787617,0.140083,0.543499,0.12188,0.72355,0.244118,0.064067
Qwen2.5-7B-Instruct,math-qa,3,100,0.809023,0.129068,0.540636,0.130299,0.699651,0.268387,0.109373
Qwen2.5-7B-Instruct,math-qa,4,100,0.780332,0.139596,0.495284,0.13197,0.64509,0.285048,0.135242
Qwen2.5-7B-Instruct,math-qa,5,100,0.749746,0.156566,0.449706,0.134345,0.626716,0.30004,0.12303
Qwen2.5-7B-Instruct,math-qa,6,100,0.762695,0.15759,0.470474,0.152138,0.626486,0.292221,0.13621
Qwen2.5-7B-Instruct,math-qa,7,100,0.748291,0.162469,0.445146,0.134879,0.638081,0.303145,0.11021
Qwen2.5-7B-Instruct,math-qa,8,100,0.74085,0.156841,0.432636,0.127797,0.654409,0.308214,0.08644
Qwen2.5-7B-Instruct,math-qa,9,100,0.722412,0.162015,0.399062,0.112519,0.670403,0.32335,0.052009
Qwen2.5-7B-Instruct,math-qa,10,100,0.751172,0.149712,0.427938,0.110363,0.676436,0.323234,0.074736
Qwen2.5-7B-Instruct,math-qa,11,100,0.777051,0.142232,0.461968,0.107628,0.701707,0.315082,0.075344
Qwen2.5-7B-Instruct,math-qa,12,100,0.783281,0.14229,0.462347,0.108789,0.706318,0.320934,0.076963
Qwen2.5-7B-Instruct,math-qa,13,100,0.787617,0.140823,0.474522,0.107699,0.710376,0.313095,0.077241
Qwen2.5-7B-Instruct,math-qa,14,100,0.805957,0.131393,0.490783,0.096869,0.732666,0.315174,0.073291
Qwen2.5-7B-Instruct,math-qa,15,100,0.807187,0.132957,0.486572,0.097567,0.731313,0.320615,0.075874
Qwen2.5-7B-Instruct,math-qa,16,100,0.820957,0.1239,0.527921,0.088527,0.75855,0.293036,0.062407
Qwen2.5-7B-Instruct,math-qa,17,100,0.818105,0.127565,0.512379,0.09152,0.757056,0.305726,0.06105
Qwen2.5-7B-Instruct,math-qa,18,100,0.817187,0.128882,0.517605,0.095226,0.760376,0.299583,0.056812
Qwen2.5-7B-Instruct,math-qa,19,100,0.83959,0.120932,0.567375,0.096158,0.782949,0.272215,0.056641
Qwen2.5-7B-Instruct,math-qa,20,100,0.842031,0.121774,0.552176,0.098285,0.794258,0.289855,0.047773
Qwen2.5-7B-Instruct,math-qa,21,100,0.813477,0.135187,0.490868,0.095501,0.776387,0.322609,0.03709
Qwen2.5-7B-Instruct,math-qa,22,100,0.827148,0.124769,0.520261,0.095988,0.783408,0.306887,0.04374
Qwen2.5-7B-Instruct,math-qa,23,100,0.813496,0.137183,0.487997,0.105262,0.77832,0.325499,0.035176
Qwen2.5-7B-Instruct,math-qa,24,100,0.806914,0.153891,0.504755,0.130249,0.777441,0.302159,0.029473
Qwen2.5-7B-Instruct,math-qa,25,100,0.813975,0.161263,0.542305,0.153287,0.792446,0.271669,0.021528
Qwen2.5-7B-Instruct,math-qa,26,100,0.830937,0.148263,0.578549,0.141686,0.796899,0.252388,0.034038
Qwen2.5-7B-Instruct,math-qa,27,100,0.850625,0.128853,0.637471,0.121958,0.815371,0.213154,0.035254
Qwen2.5-7B-Instruct,math-qa,28,100,0.82707,0.14999,0.532325,0.13653,0.772798,0.294745,0.054272
Qwen2.5-7B-Instruct,biomix-qa,0,100,0.326317,0.322974,0.291841,0.294566,0.551751,0.034475,-0.225434
Qwen2.5-7B-Instruct,biomix-qa,1,100,0.504297,0.168341,0.471099,0.159943,0.691223,0.033198,-0.186926
Qwen2.5-7B-Instruct,biomix-qa,2,100,0.554043,0.156515,0.507641,0.150493,0.72355,0.046402,-0.169507
Qwen2.5-7B-Instruct,biomix-qa,3,100,0.507051,0.18543,0.45807,0.170685,0.699651,0.048981,-0.1926
Qwen2.5-7B-Instruct,biomix-qa,4,100,0.387109,0.199809,0.33726,0.166499,0.64509,0.049849,-0.257981
Qwen2.5-7B-Instruct,biomix-qa,5,100,0.362158,0.220121,0.297967,0.176381,0.626716,0.064191,-0.264558
Qwen2.5-7B-Instruct,biomix-qa,6,100,0.325952,0.250281,0.263755,0.195535,0.626486,0.062197,-0.300533
Qwen2.5-7B-Instruct,biomix-qa,7,100,0.352021,0.238746,0.276624,0.186389,0.638081,0.075398,-0.28606
Qwen2.5-7B-Instruct,biomix-qa,8,100,0.449033,0.194754,0.373514,0.167498,0.654409,0.075519,-0.205376
Qwen2.5-7B-Instruct,biomix-qa,9,100,0.496445,0.173941,0.425259,0.150964,0.670403,0.071187,-0.173958
Qwen2.5-7B-Instruct,biomix-qa,10,100,0.491367,0.199714,0.400946,0.171291,0.676436,0.090421,-0.185068
Qwen2.5-7B-Instruct,biomix-qa,11,100,0.53126,0.177082,0.446022,0.161897,0.701707,0.085238,-0.170447
Qwen2.5-7B-Instruct,biomix-qa,12,100,0.554238,0.164171,0.469898,0.156519,0.706318,0.084341,-0.15208
Qwen2.5-7B-Instruct,biomix-qa,13,100,0.570312,0.158702,0.491558,0.149436,0.710376,0.078755,-0.140063
Qwen2.5-7B-Instruct,biomix-qa,14,100,0.598145,0.151627,0.526464,0.142739,0.732666,0.071681,-0.134521
Qwen2.5-7B-Instruct,biomix-qa,15,100,0.606406,0.149716,0.542459,0.135297,0.731313,0.063947,-0.124907
Qwen2.5-7B-Instruct,biomix-qa,16,100,0.650312,0.136207,0.592494,0.121821,0.75855,0.057818,-0.108237
Qwen2.5-7B-Instruct,biomix-qa,17,100,0.652344,0.138272,0.594913,0.123057,0.757056,0.057431,-0.104712
Qwen2.5-7B-Instruct,biomix-qa,18,100,0.661758,0.137235,0.60533,0.123091,0.760376,0.056428,-0.098618
Qwen2.5-7B-Instruct,biomix-qa,19,100,0.698906,0.127569,0.645378,0.11827,0.782949,0.053528,-0.084043
Qwen2.5-7B-Instruct,biomix-qa,20,100,0.723926,0.11754,0.674202,0.111093,0.794258,0.049724,-0.070332
Qwen2.5-7B-Instruct,biomix-qa,21,100,0.708262,0.118363,0.65723,0.109647,0.776387,0.051032,-0.068125
Qwen2.5-7B-Instruct,biomix-qa,22,100,0.706523,0.111306,0.652705,0.111215,0.783408,0.053819,-0.076885
Qwen2.5-7B-Instruct,biomix-qa,23,100,0.711328,0.109286,0.652803,0.117159,0.77832,0.058526,-0.066992
Qwen2.5-7B-Instruct,biomix-qa,24,100,0.709316,0.134205,0.648328,0.134047,0.777441,0.060988,-0.068125
Qwen2.5-7B-Instruct,biomix-qa,25,100,0.702861,0.165228,0.641923,0.165268,0.792446,0.060939,-0.089585
Qwen2.5-7B-Instruct,biomix-qa,26,100,0.70543,0.164959,0.650491,0.16255,0.796899,0.054939,-0.09147
Qwen2.5-7B-Instruct,biomix-qa,27,100,0.718906,0.13938,0.670215,0.138023,0.815371,0.048691,-0.096465
Qwen2.5-7B-Instruct,biomix-qa,28,100,0.67582,0.151361,0.607931,0.158928,0.772798,0.067889,-0.096978
Qwen2.5-7B-Instruct,sciq,0,100,0.319507,0.39751,0.046416,0.074772,0.551751,0.273091,-0.232243
Qwen2.5-7B-Instruct,sciq,1,100,0.578779,0.207045,0.362841,0.081991,0.691223,0.215938,-0.112444
Qwen2.5-7B-Instruct,sciq,2,100,0.59873,0.203881,0.386516,0.102151,0.72355,0.212214,-0.124819
Qwen2.5-7B-Instruct,sciq,3,100,0.534678,0.233858,0.295141,0.080725,0.699651,0.239536,-0.164973
Qwen2.5-7B-Instruct,sciq,4,100,0.499951,0.202718,0.256214,0.07939,0.64509,0.243737,-0.145139
Qwen2.5-7B-Instruct,sciq,5,100,0.496191,0.196211,0.241996,0.079882,0.626716,0.254195,-0.130525
Qwen2.5-7B-Instruct,sciq,6,100,0.500869,0.194322,0.245716,0.091368,0.626486,0.255153,-0.125616
Qwen2.5-7B-Instruct,sciq,7,100,0.547402,0.170607,0.305824,0.095306,0.638081,0.241579,-0.090679
Qwen2.5-7B-Instruct,sciq,8,100,0.562598,0.160832,0.318028,0.081308,0.654409,0.244569,-0.091812
Qwen2.5-7B-Instruct,sciq,9,100,0.597988,0.149431,0.368906,0.083386,0.670403,0.229082,-0.072415
Qwen2.5-7B-Instruct,sciq,10,100,0.592305,0.161039,0.318802,0.079926,0.676436,0.273503,-0.084131
Qwen2.5-7B-Instruct,sciq,11,100,0.622656,0.153096,0.355493,0.078157,0.701707,0.267164,-0.07905
Qwen2.5-7B-Instruct,sciq,12,100,0.624082,0.149668,0.365228,0.077194,0.706318,0.258854,-0.082236
Qwen2.5-7B-Instruct,sciq,13,100,0.62541,0.149221,0.368241,0.072266,0.710376,0.257169,-0.084966
Qwen2.5-7B-Instruct,sciq,14,100,0.656523,0.137512,0.41558,0.068866,0.732666,0.240943,-0.076143
Qwen2.5-7B-Instruct,sciq,15,100,0.64748,0.141605,0.408431,0.073212,0.731313,0.239049,-0.083833
Qwen2.5-7B-Instruct,sciq,16,100,0.680586,0.126983,0.473235,0.070503,0.75855,0.207351,-0.077964
Qwen2.5-7B-Instruct,sciq,17,100,0.691367,0.12372,0.491041,0.07342,0.757056,0.200326,-0.065688
Qwen2.5-7B-Instruct,sciq,18,100,0.691426,0.124559,0.502713,0.075883,0.760376,0.188713,-0.06895
Qwen2.5-7B-Instruct,sciq,19,100,0.713848,0.118617,0.533904,0.074976,0.782949,0.179943,-0.069102
Qwen2.5-7B-Instruct,sciq,20,100,0.738809,0.113918,0.557374,0.078267,0.794258,0.181435,-0.055449
Qwen2.5-7B-Instruct,sciq,21,100,0.719707,0.118411,0.51726,0.075649,0.776387,0.202447,-0.05668
Qwen2.5-7B-Instruct,sciq,22,100,0.732383,0.117057,0.5337,0.080901,0.783408,0.198683,-0.051025
Qwen2.5-7B-Instruct,sciq,23,100,0.728262,0.116761,0.516297,0.080366,0.77832,0.211965,-0.050059
Qwen2.5-7B-Instruct,sciq,24,100,0.732441,0.116701,0.52831,0.081091,0.777441,0.204131,-0.045
Qwen2.5-7B-Instruct,sciq,25,100,0.775684,0.100261,0.58883,0.080771,0.792446,0.186853,-0.016763
Qwen2.5-7B-Instruct,sciq,26,100,0.779355,0.094867,0.585804,0.082345,0.796899,0.193551,-0.017544
Qwen2.5-7B-Instruct,sciq,27,100,0.802266,0.086563,0.636499,0.084811,0.815371,0.165766,-0.013105
Qwen2.5-7B-Instruct,sciq,28,100,0.716094,0.14368,0.47982,0.129942,0.772798,0.236274,-0.056704
Olmo-3-7B-Instruct,logiqa,0,100,0.974023,0.12791,0.897623,0.247174,0.530741,0.0764,0.443283
Olmo-3-7B-Instruct,logiqa,1,100,0.956211,0.115145,0.859133,0.219997,0.595448,0.097078,0.360763
Olmo-3-7B-Instruct,logiqa,2,100,0.941094,0.10935,0.826365,0.209367,0.596965,0.114729,0.344128
Olmo-3-7B-Instruct,logiqa,3,100,0.895312,0.112724,0.745466,0.180588,0.572239,0.149847,0.323074
Olmo-3-7B-Instruct,logiqa,4,100,0.807227,0.124491,0.585694,0.150345,0.556908,0.221533,0.250319
Olmo-3-7B-Instruct,logiqa,5,100,0.781426,0.132736,0.540094,0.13718,0.56844,0.241332,0.212986
Olmo-3-7B-Instruct,logiqa,6,100,0.77168,0.137445,0.535054,0.126282,0.578184,0.236626,0.193496
Olmo-3-7B-Instruct,logiqa,7,100,0.695332,0.159037,0.437562,0.102524,0.571914,0.25777,0.123418
Olmo-3-7B-Instruct,logiqa,8,100,0.705879,0.158369,0.4534,0.10366,0.595449,0.252479,0.11043
Olmo-3-7B-Instruct,logiqa,9,100,0.691816,0.162974,0.431426,0.098292,0.600938,0.26039,0.090879
Olmo-3-7B-Instruct,logiqa,10,100,0.690273,0.164556,0.432695,0.097154,0.608147,0.257579,0.082126
Olmo-3-7B-Instruct,logiqa,11,100,0.67707,0.165789,0.419325,0.08463,0.619294,0.257746,0.057776
Olmo-3-7B-Instruct,logiqa,12,100,0.677012,0.165206,0.419367,0.085565,0.62811,0.257645,0.048901
Olmo-3-7B-Instruct,logiqa,13,100,0.664922,0.170594,0.40092,0.088348,0.626399,0.264001,0.038523
Olmo-3-7B-Instruct,logiqa,14,100,0.657598,0.173175,0.390693,0.08786,0.621372,0.266905,0.036226
Olmo-3-7B-Instruct,logiqa,15,100,0.656738,0.171369,0.395402,0.087449,0.632629,0.261336,0.024109
Olmo-3-7B-Instruct,logiqa,16,100,0.660957,0.1709,0.394801,0.087505,0.63209,0.266156,0.028867
Olmo-3-7B-Instruct,logiqa,17,100,0.669023,0.165536,0.404042,0.087081,0.634663,0.264981,0.03436
Olmo-3-7B-Instruct,logiqa,18,100,0.682871,0.15985,0.4145,0.095064,0.646194,0.268371,0.036677
Olmo-3-7B-Instruct,logiqa,19,100,0.695039,0.154281,0.422144,0.09824,0.656028,0.272895,0.039011
Olmo-3-7B-Instruct,logiqa,20,100,0.688652,0.159719,0.409413,0.101594,0.653828,0.279239,0.034824
Olmo-3-7B-Instruct,logiqa,21,100,0.693223,0.157107,0.408954,0.103343,0.657183,0.284268,0.03604
Olmo-3-7B-Instruct,logiqa,22,100,0.697246,0.156361,0.40726,0.104995,0.652219,0.289986,0.045027
Olmo-3-7B-Instruct,logiqa,23,100,0.693125,0.158121,0.398412,0.106121,0.651104,0.294713,0.042021
Olmo-3-7B-Instruct,logiqa,24,100,0.688613,0.158163,0.39009,0.106479,0.646721,0.298524,0.041892
Olmo-3-7B-Instruct,logiqa,25,100,0.680176,0.160062,0.377197,0.105237,0.641033,0.302978,0.039143
Olmo-3-7B-Instruct,logiqa,26,100,0.678574,0.159219,0.368588,0.103759,0.638811,0.309986,0.039763
Olmo-3-7B-Instruct,logiqa,27,100,0.673594,0.15989,0.359739,0.103008,0.631345,0.313855,0.042249
Olmo-3-7B-Instruct,logiqa,28,100,0.681348,0.154861,0.363119,0.103143,0.630264,0.318228,0.051084
Olmo-3-7B-Instruct,logiqa,29,100,0.686602,0.150422,0.373905,0.100086,0.62738,0.312697,0.059221
Olmo-3-7B-Instruct,logiqa,30,100,0.733809,0.12751,0.455901,0.093924,0.648105,0.277908,0.085703
Olmo-3-7B-Instruct,logiqa,31,100,0.76291,0.117511,0.499208,0.095313,0.668494,0.263702,0.094417
Olmo-3-7B-Instruct,logiqa,32,100,0.77709,0.120354,0.512177,0.113708,0.687247,0.264912,0.089843
Olmo-3-7B-Instruct,math-qa,0,100,0.505607,0.288298,0.202756,0.168996,0.530741,0.302851,-0.025134
Olmo-3-7B-Instruct,math-qa,1,100,0.592866,0.24773,0.310029,0.139251,0.595448,0.282837,-0.002582
Olmo-3-7B-Instruct,math-qa,2,100,0.624531,0.227858,0.326046,0.127853,0.596965,0.298485,0.027566
Olmo-3-7B-Instruct,math-qa,3,100,0.642354,0.205791,0.335696,0.120488,0.572239,0.306658,0.070115
Olmo-3-7B-Instruct,math-qa,4,100,0.663545,0.194457,0.336697,0.116005,0.556908,0.326848,0.106637
Olmo-3-7B-Instruct,math-qa,5,100,0.688271,0.181521,0.339945,0.11208,0.56844,0.348326,0.119832
Olmo-3-7B-Instruct,math-qa,6,100,0.705928,0.172315,0.342113,0.11227,0.578184,0.363815,0.127744
Olmo-3-7B-Instruct,math-qa,7,100,0.727227,0.160058,0.353101,0.108167,0.571914,0.374125,0.155312
Olmo-3-7B-Instruct,math-qa,8,100,0.73873,0.158711,0.357481,0.104745,0.595449,0.381249,0.143281
Olmo-3-7B-Instruct,math-qa,9,100,0.749834,0.155351,0.359719,0.105258,0.600938,0.390115,0.148896
Olmo-3-7B-Instruct,math-qa,10,100,0.754199,0.156548,0.371346,0.106672,0.608147,0.382853,0.146052
Olmo-3-7B-Instruct,math-qa,11,100,0.774229,0.149009,0.385282,0.106147,0.619294,0.388946,0.154934
Olmo-3-7B-Instruct,math-qa,12,100,0.779307,0.147923,0.391561,0.104824,0.62811,0.387746,0.151196
Olmo-3-7B-Instruct,math-qa,13,100,0.78165,0.14832,0.388251,0.110041,0.626399,0.393399,0.155251
Olmo-3-7B-Instruct,math-qa,14,100,0.775459,0.148072,0.382376,0.110006,0.621372,0.393083,0.154087
Olmo-3-7B-Instruct,math-qa,15,100,0.789199,0.13983,0.395941,0.109375,0.632629,0.393258,0.15657
Olmo-3-7B-Instruct,math-qa,16,100,0.780723,0.141172,0.393947,0.106669,0.63209,0.386776,0.148633
Olmo-3-7B-Instruct,math-qa,17,100,0.779727,0.138637,0.398536,0.10333,0.634663,0.381191,0.145063
Olmo-3-7B-Instruct,math-qa,18,100,0.785801,0.136249,0.400569,0.105349,0.646194,0.385232,0.139607
Olmo-3-7B-Instruct,math-qa,19,100,0.794336,0.131286,0.405964,0.10356,0.656028,0.388372,0.138308
Olmo-3-7B-Instruct,math-qa,20,100,0.794492,0.13196,0.404284,0.105581,0.653828,0.390208,0.140664
Olmo-3-7B-Instruct,math-qa,21,100,0.795957,0.129591,0.401188,0.106869,0.657183,0.39477,0.138774
Olmo-3-7B-Instruct,math-qa,22,100,0.788828,0.132299,0.386582,0.105663,0.652219,0.402246,0.136609
Olmo-3-7B-Instruct,math-qa,23,100,0.785957,0.134365,0.383192,0.105058,0.651104,0.402765,0.134854
Olmo-3-7B-Instruct,math-qa,24,100,0.780566,0.134709,0.365993,0.105467,0.646721,0.414573,0.133845
Olmo-3-7B-Instruct,math-qa,25,100,0.774727,0.137208,0.356115,0.10408,0.641033,0.418612,0.133694
Olmo-3-7B-Instruct,math-qa,26,100,0.769766,0.139096,0.348393,0.102058,0.638811,0.421373,0.130955
Olmo-3-7B-Instruct,math-qa,27,100,0.76752,0.140394,0.338052,0.102635,0.631345,0.429467,0.136174
Olmo-3-7B-Instruct,math-qa,28,100,0.764727,0.141204,0.333509,0.100663,0.630264,0.431218,0.134463
Olmo-3-7B-Instruct,math-qa,29,100,0.758203,0.141787,0.325339,0.097426,0.62738,0.432864,0.130823
Olmo-3-7B-Instruct,math-qa,30,100,0.767715,0.137136,0.347046,0.094007,0.648105,0.420669,0.119609
Olmo-3-7B-Instruct,math-qa,31,100,0.78041,0.13164,0.37295,0.092605,0.668494,0.40746,0.111917
Olmo-3-7B-Instruct,math-qa,32,100,0.793311,0.133188,0.411537,0.097452,0.687247,0.381773,0.106063
Olmo-3-7B-Instruct,biomix-qa,0,100,0.320416,0.290065,0.305396,0.26991,0.530741,0.015019,-0.210325
Olmo-3-7B-Instruct,biomix-qa,1,100,0.42751,0.237887,0.395906,0.220676,0.595448,0.031604,-0.167938
Olmo-3-7B-Instruct,biomix-qa,2,100,0.402051,0.21949,0.369386,0.2011,0.596965,0.032665,-0.194915
Olmo-3-7B-Instruct,biomix-qa,3,100,0.345674,0.195073,0.309933,0.17163,0.572239,0.035741,-0.226565
Olmo-3-7B-Instruct,biomix-qa,4,100,0.336631,0.18777,0.292884,0.158847,0.556908,0.043747,-0.220277
Olmo-3-7B-Instruct,biomix-qa,5,100,0.347119,0.18748,0.294886,0.148736,0.56844,0.052233,-0.221321
Olmo-3-7B-Instruct,biomix-qa,6,100,0.355146,0.180404,0.299618,0.141328,0.578184,0.055529,-0.223037
Olmo-3-7B-Instruct,biomix-qa,7,100,0.373994,0.175245,0.314603,0.136133,0.571914,0.059391,-0.19792
Olmo-3-7B-Instruct,biomix-qa,8,100,0.427148,0.172184,0.361786,0.137096,0.595449,0.065362,-0.168301
Olmo-3-7B-Instruct,biomix-qa,9,100,0.450195,0.176565,0.385756,0.13518,0.600938,0.06444,-0.150742
Olmo-3-7B-Instruct,biomix-qa,10,100,0.474385,0.174813,0.411115,0.133272,0.608147,0.063269,-0.133762
Olmo-3-7B-Instruct,biomix-qa,11,100,0.500781,0.16974,0.439507,0.132434,0.619294,0.061274,-0.118513
Olmo-3-7B-Instruct,biomix-qa,12,100,0.528359,0.169039,0.468377,0.130542,0.62811,0.059982,-0.099751
Olmo-3-7B-Instruct,biomix-qa,13,100,0.528018,0.169689,0.468116,0.130349,0.626399,0.059902,-0.098381
Olmo-3-7B-Instruct,biomix-qa,14,100,0.525234,0.168743,0.467118,0.131139,0.621372,0.058116,-0.096138
Olmo-3-7B-Instruct,biomix-qa,15,100,0.545996,0.167661,0.485129,0.13063,0.632629,0.060867,-0.086633
Olmo-3-7B-Instruct,biomix-qa,16,100,0.545547,0.169544,0.482058,0.134528,0.63209,0.063489,-0.086543
Olmo-3-7B-Instruct,biomix-qa,17,100,0.544219,0.175338,0.481769,0.139164,0.634663,0.062449,-0.090444
Olmo-3-7B-Instruct,biomix-qa,18,100,0.558359,0.179856,0.491184,0.143015,0.646194,0.067176,-0.087834
Olmo-3-7B-Instruct,biomix-qa,19,100,0.566826,0.184126,0.499824,0.143081,0.656028,0.067002,-0.089202
Olmo-3-7B-Instruct,biomix-qa,20,100,0.565176,0.196644,0.500369,0.151973,0.653828,0.064807,-0.088652
Olmo-3-7B-Instruct,biomix-qa,21,100,0.569258,0.200234,0.504336,0.155512,0.657183,0.064922,-0.087925
Olmo-3-7B-Instruct,biomix-qa,22,100,0.559199,0.206592,0.494735,0.160483,0.652219,0.064464,-0.09302
Olmo-3-7B-Instruct,biomix-qa,23,100,0.5575,0.213274,0.488741,0.16433,0.651104,0.068759,-0.093604
Olmo-3-7B-Instruct,biomix-qa,24,100,0.547773,0.221149,0.47541,0.169803,0.646721,0.072363,-0.098948
Olmo-3-7B-Instruct,biomix-qa,25,100,0.544014,0.226751,0.469315,0.172278,0.641033,0.074699,-0.097019
Olmo-3-7B-Instruct,biomix-qa,26,100,0.54,0.229265,0.463573,0.172785,0.638811,0.076427,-0.098811
Olmo-3-7B-Instruct,biomix-qa,27,100,0.529033,0.232933,0.448628,0.174877,0.631345,0.080405,-0.102312
Olmo-3-7B-Instruct,biomix-qa,28,100,0.519678,0.237576,0.436673,0.176587,0.630264,0.083005,-0.110586
Olmo-3-7B-Instruct,biomix-qa,29,100,0.513877,0.238907,0.431067,0.176355,0.62738,0.08281,-0.113503
Olmo-3-7B-Instruct,biomix-qa,30,100,0.517764,0.241639,0.434779,0.179545,0.648105,0.082985,-0.130342
Olmo-3-7B-Instruct,biomix-qa,31,100,0.536436,0.242925,0.458773,0.183188,0.668494,0.077663,-0.132058
Olmo-3-7B-Instruct,biomix-qa,32,100,0.557739,0.24928,0.489483,0.195336,0.687247,0.068257,-0.129508
Olmo-3-7B-Instruct,sciq,0,100,0.322916,0.366964,0.067941,0.064884,0.530741,0.254976,-0.207824
Olmo-3-7B-Instruct,sciq,1,100,0.405205,0.314641,0.171119,0.059106,0.595448,0.234086,-0.190243
Olmo-3-7B-Instruct,sciq,2,100,0.420186,0.285879,0.179348,0.05729,0.596965,0.240838,-0.17678
Olmo-3-7B-Instruct,sciq,3,100,0.405615,0.233752,0.178594,0.058912,0.572239,0.227021,-0.166624
Olmo-3-7B-Instruct,sciq,4,100,0.420229,0.215471,0.182078,0.057805,0.556908,0.238151,-0.136678
Olmo-3-7B-Instruct,sciq,5,100,0.456943,0.194555,0.190733,0.056236,0.56844,0.266211,-0.111497
Olmo-3-7B-Instruct,sciq,6,100,0.47998,0.179765,0.204841,0.058422,0.578184,0.27514,-0.098203
Olmo-3-7B-Instruct,sciq,7,100,0.491104,0.168409,0.217159,0.059359,0.571914,0.273944,-0.080811
Olmo-3-7B-Instruct,sciq,8,100,0.510039,0.163303,0.237503,0.059215,0.595449,0.272537,-0.08541
Olmo-3-7B-Instruct,sciq,9,100,0.511904,0.160991,0.245083,0.058912,0.600938,0.266821,-0.089033
Olmo-3-7B-Instruct,sciq,10,100,0.51373,0.158311,0.254024,0.059142,0.608147,0.259706,-0.094417
Olmo-3-7B-Instruct,sciq,11,100,0.525098,0.153069,0.27085,0.058897,0.619294,0.254248,-0.094197
Olmo-3-7B-Instruct,sciq,12,100,0.527764,0.149821,0.285287,0.059832,0.62811,0.242477,-0.100347
Olmo-3-7B-Instruct,sciq,13,100,0.531006,0.149026,0.296803,0.065318,0.626399,0.234203,-0.095393
Olmo-3-7B-Instruct,sciq,14,100,0.527197,0.150788,0.295557,0.068108,0.621372,0.23164,-0.094175
Olmo-3-7B-Instruct,sciq,15,100,0.538584,0.146918,0.309343,0.068018,0.632629,0.229241,-0.094045
Olmo-3-7B-Instruct,sciq,16,100,0.541133,0.147256,0.313719,0.06752,0.63209,0.227414,-0.090957
Olmo-3-7B-Instruct,sciq,17,100,0.545684,0.148959,0.316604,0.067427,0.634663,0.22908,-0.088979
Olmo-3-7B-Instruct,sciq,18,100,0.557744,0.145825,0.323943,0.070667,0.646194,0.233802,-0.08845
Olmo-3-7B-Instruct,sciq,19,100,0.56791,0.145028,0.32109,0.071844,0.656028,0.246821,-0.088118
Olmo-3-7B-Instruct,sciq,20,100,0.566992,0.147481,0.314464,0.075059,0.653828,0.252528,-0.086836
Olmo-3-7B-Instruct,sciq,21,100,0.570293,0.149782,0.308029,0.076549,0.657183,0.262264,-0.08689
Olmo-3-7B-Instruct,sciq,22,100,0.563604,0.153949,0.295199,0.076166,0.652219,0.268404,-0.088616
Olmo-3-7B-Instruct,sciq,23,100,0.567832,0.153794,0.289888,0.07706,0.651104,0.277944,-0.083271
Olmo-3-7B-Instruct,sciq,24,100,0.569932,0.152051,0.286542,0.079125,0.646721,0.28339,-0.07679
Olmo-3-7B-Instruct,sciq,25,100,0.565215,0.153676,0.2773,0.079043,0.641033,0.287915,-0.075818
Olmo-3-7B-Instruct,sciq,26,100,0.566904,0.15451,0.269457,0.078634,0.638811,0.297447,-0.071907
Olmo-3-7B-Instruct,sciq,27,100,0.555234,0.153231,0.253924,0.07661,0.631345,0.30131,-0.076111
Olmo-3-7B-Instruct,sciq,28,100,0.555303,0.152805,0.248689,0.075198,0.630264,0.306613,-0.074961
Olmo-3-7B-Instruct,sciq,29,100,0.55084,0.151316,0.247692,0.074003,0.62738,0.303147,-0.076541
Olmo-3-7B-Instruct,sciq,30,100,0.573135,0.145143,0.277187,0.077688,0.648105,0.295948,-0.074971
Olmo-3-7B-Instruct,sciq,31,100,0.594219,0.139084,0.298044,0.081432,0.668494,0.296175,-0.074275
Olmo-3-7B-Instruct,sciq,32,100,0.62085,0.140811,0.334026,0.098257,0.687247,0.286823,-0.066398
