dataset,metric,depth,length_control,n_correct,n_incorrect,p,q,cliffs_delta,spearman_sd_vs_length
SciQ,attention_entropy,Lower Layer,none,951,49,4.251e-07,6.377e-07,0.417,0.897
SciQ,attention_entropy,Middle Layer,none,951,49,0.055,0.055,0.135,0.426
SciQ,attention_entropy,Upper Layer,none,951,49,6.94e-08,2.082e-07,0.446,0.778
SciQ,attention_entropy,Lower Layer,length,951,49,0.1676,0.2514,0.082,0.897
SciQ,attention_entropy,Middle Layer,length,951,49,0.7096,0.7096,-0.047,0.426
SciQ,attention_entropy,Upper Layer,length,951,49,0.01823,0.0547,0.177,0.778
SciQ,activation_sparsity,Lower Layer,none,951,49,0.9994,0.9994,-0.274,-0.482
SciQ,activation_sparsity,Middle Layer,none,951,49,0.7891,0.9994,-0.068,0.115
SciQ,activation_sparsity,Upper Layer,none,951,49,0.06826,0.2048,0.126,0.217
SciQ,activation_sparsity,Lower Layer,length,951,49,0.7642,0.9538,-0.061,-0.482
SciQ,activation_sparsity,Middle Layer,length,951,49,0.9538,0.9538,-0.142,0.115
SciQ,activation_sparsity,Upper Layer,length,951,49,0.4353,0.9538,0.014,0.217
MathQA,attention_entropy,Lower Layer,none,821,169,7.133e-05,7.133e-05,0.186,0.764
MathQA,attention_entropy,Middle Layer,none,821,169,1.004e-05,1.505e-05,0.208,0.346
MathQA,attention_entropy,Upper Layer,none,821,169,5.765e-25,1.729e-24,0.500,0.511
MathQA,attention_entropy,Lower Layer,length,821,169,1,1,-0.355,0.764
MathQA,attention_entropy,Middle Layer,length,821,169,0.2582,0.3872,0.032,0.346
MathQA,attention_entropy,Upper Layer,length,821,169,8.81e-11,2.643e-10,0.311,0.511
MathQA,activation_sparsity,Lower Layer,none,821,169,0.01212,0.01817,0.110,-0.220
MathQA,activation_sparsity,Middle Layer,none,821,169,0.002588,0.007765,0.136,0.191
MathQA,activation_sparsity,Upper Layer,none,821,169,0.9798,0.9798,-0.100,0.094
MathQA,activation_sparsity,Lower Layer,length,821,169,9.718e-07,2.915e-06,0.232,-0.220
MathQA,activation_sparsity,Middle Layer,length,821,169,0.135,0.2025,0.054,0.191
MathQA,activation_sparsity,Upper Layer,length,821,169,0.9988,0.9988,-0.148,0.094
LogiQA,attention_entropy,Lower Layer,none,348,302,3.849e-06,1.155e-05,0.203,0.864
LogiQA,attention_entropy,Middle Layer,none,348,302,0.002674,0.002674,0.127,0.496
LogiQA,attention_entropy,Upper Layer,none,348,302,0.001005,0.001507,0.140,0.668
LogiQA,attention_entropy,Lower Layer,length,348,302,0.002583,0.007748,0.127,0.864
LogiQA,attention_entropy,Middle Layer,length,348,302,0.04957,0.07436,0.075,0.496
LogiQA,attention_entropy,Upper Layer,length,348,302,0.1074,0.1074,0.056,0.668
LogiQA,activation_sparsity,Lower Layer,none,348,302,0.8681,0.8681,-0.051,-0.428
LogiQA,activation_sparsity,Middle Layer,none,348,302,0.1013,0.1519,0.058,0.300
LogiQA,activation_sparsity,Upper Layer,none,348,302,0.007176,0.02153,0.111,0.293
LogiQA,activation_sparsity,Lower Layer,length,348,302,0.5278,0.5278,-0.003,-0.428
LogiQA,activation_sparsity,Middle Layer,length,348,302,0.3914,0.5278,0.013,0.300
LogiQA,activation_sparsity,Upper Layer,length,348,302,0.07879,0.2364,0.064,0.293
