dataset,model,layer,accuracy
BioMixQA,Llama-3.1-8B-Instruct,0,0.231994
BioMixQA,Llama-3.1-8B-Instruct,1,0.228715
BioMixQA,Llama-3.1-8B-Instruct,2,0.228768
BioMixQA,Llama-3.1-8B-Instruct,3,0.231941
BioMixQA,Llama-3.1-8B-Instruct,4,0.231994
BioMixQA,Llama-3.1-8B-Instruct,5,0.232099
BioMixQA,Llama-3.1-8B-Instruct,6,0.196192
BioMixQA,Llama-3.1-8B-Instruct,7,0.193020
BioMixQA,Llama-3.1-8B-Instruct,8,0.192914
BioMixQA,Llama-3.1-8B-Instruct,9,0.232152
BioMixQA,Llama-3.1-8B-Instruct,10,0.209307
BioMixQA,Llama-3.1-8B-Instruct,11,0.212586
BioMixQA,Llama-3.1-8B-Instruct,12,0.206029
BioMixQA,Llama-3.1-8B-Instruct,13,0.179799
BioMixQA,Llama-3.1-8B-Instruct,14,0.192914
BioMixQA,Llama-3.1-8B-Instruct,15,0.212639
BioMixQA,Llama-3.1-8B-Instruct,16,0.274617
BioMixQA,Llama-3.1-8B-Instruct,17,0.284347
BioMixQA,Llama-3.1-8B-Instruct,18,0.470968
BioMixQA,Llama-3.1-8B-Instruct,19,0.467583
BioMixQA,Llama-3.1-8B-Instruct,20,0.470809
BioMixQA,Llama-3.1-8B-Instruct,21,0.474141
BioMixQA,Llama-3.1-8B-Instruct,22,0.470756
BioMixQA,Llama-3.1-8B-Instruct,23,0.474035
BioMixQA,Llama-3.1-8B-Instruct,24,0.483765
BioMixQA,Llama-3.1-8B-Instruct,25,0.474035
BioMixQA,Llama-3.1-8B-Instruct,26,0.461079
BioMixQA,Llama-3.1-8B-Instruct,27,0.457800
BioMixQA,Llama-3.1-8B-Instruct,28,0.438340
BioMixQA,Llama-3.1-8B-Instruct,29,0.448176
BioMixQA,Llama-3.1-8B-Instruct,30,0.457853
BioMixQA,Llama-3.1-8B-Instruct,31,0.461132
BioMixQA,Llama-3.1-8B-Instruct,32,0.399101
LogiQA,Llama-3.1-8B-Instruct,0,0.274962
LogiQA,Llama-3.1-8B-Instruct,1,0.258121
LogiQA,Llama-3.1-8B-Instruct,2,0.261198
LogiQA,Llama-3.1-8B-Instruct,3,0.281151
LogiQA,Llama-3.1-8B-Instruct,4,0.271932
LogiQA,Llama-3.1-8B-Instruct,5,0.265766
LogiQA,Llama-3.1-8B-Instruct,6,0.281080
LogiQA,Llama-3.1-8B-Instruct,7,0.262654
LogiQA,Llama-3.1-8B-Instruct,8,0.273412
LogiQA,Llama-3.1-8B-Instruct,9,0.265708
LogiQA,Llama-3.1-8B-Instruct,10,0.258074
LogiQA,Llama-3.1-8B-Instruct,11,0.258086
LogiQA,Llama-3.1-8B-Instruct,12,0.267258
LogiQA,Llama-3.1-8B-Instruct,13,0.247270
LogiQA,Llama-3.1-8B-Instruct,14,0.251897
LogiQA,Llama-3.1-8B-Instruct,15,0.290358
LogiQA,Llama-3.1-8B-Instruct,16,0.274950
LogiQA,Llama-3.1-8B-Instruct,17,0.282595
LogiQA,Llama-3.1-8B-Instruct,18,0.330276
LogiQA,Llama-3.1-8B-Instruct,19,0.330264
LogiQA,Llama-3.1-8B-Instruct,20,0.337921
LogiQA,Llama-3.1-8B-Instruct,21,0.337968
LogiQA,Llama-3.1-8B-Instruct,22,0.333376
LogiQA,Llama-3.1-8B-Instruct,23,0.338027
LogiQA,Llama-3.1-8B-Instruct,24,0.334997
LogiQA,Llama-3.1-8B-Instruct,25,0.315009
LogiQA,Llama-3.1-8B-Instruct,26,0.322666
LogiQA,Llama-3.1-8B-Instruct,27,0.325708
LogiQA,Llama-3.1-8B-Instruct,28,0.324157
LogiQA,Llama-3.1-8B-Instruct,29,0.325649
LogiQA,Llama-3.1-8B-Instruct,30,0.314915
LogiQA,Llama-3.1-8B-Instruct,31,0.304157
LogiQA,Llama-3.1-8B-Instruct,32,0.293459
MathQA,Llama-3.1-8B-Instruct,0,0.237000
MathQA,Llama-3.1-8B-Instruct,1,0.237000
MathQA,Llama-3.1-8B-Instruct,2,0.237000
MathQA,Llama-3.1-8B-Instruct,3,0.235000
MathQA,Llama-3.1-8B-Instruct,4,0.252000
MathQA,Llama-3.1-8B-Instruct,5,0.246000
MathQA,Llama-3.1-8B-Instruct,6,0.250000
MathQA,Llama-3.1-8B-Instruct,7,0.242000
MathQA,Llama-3.1-8B-Instruct,8,0.238000
MathQA,Llama-3.1-8B-Instruct,9,0.241000
MathQA,Llama-3.1-8B-Instruct,10,0.245000
MathQA,Llama-3.1-8B-Instruct,11,0.232000
MathQA,Llama-3.1-8B-Instruct,12,0.234000
MathQA,Llama-3.1-8B-Instruct,13,0.233000
MathQA,Llama-3.1-8B-Instruct,14,0.245000
MathQA,Llama-3.1-8B-Instruct,15,0.283000
MathQA,Llama-3.1-8B-Instruct,16,0.258000
MathQA,Llama-3.1-8B-Instruct,17,0.237000
MathQA,Llama-3.1-8B-Instruct,18,0.282000
MathQA,Llama-3.1-8B-Instruct,19,0.285000
MathQA,Llama-3.1-8B-Instruct,20,0.286000
MathQA,Llama-3.1-8B-Instruct,21,0.292000
MathQA,Llama-3.1-8B-Instruct,22,0.301000
MathQA,Llama-3.1-8B-Instruct,23,0.279000
MathQA,Llama-3.1-8B-Instruct,24,0.269000
MathQA,Llama-3.1-8B-Instruct,25,0.248000
MathQA,Llama-3.1-8B-Instruct,26,0.258000
MathQA,Llama-3.1-8B-Instruct,27,0.260000
MathQA,Llama-3.1-8B-Instruct,28,0.249000
MathQA,Llama-3.1-8B-Instruct,29,0.248000
MathQA,Llama-3.1-8B-Instruct,30,0.246000
MathQA,Llama-3.1-8B-Instruct,31,0.250000
MathQA,Llama-3.1-8B-Instruct,32,0.240000
SciQ,Llama-3.1-8B-Instruct,0,0.253000
SciQ,Llama-3.1-8B-Instruct,1,0.247000
SciQ,Llama-3.1-8B-Instruct,2,0.236000
SciQ,Llama-3.1-8B-Instruct,3,0.253000
SciQ,Llama-3.1-8B-Instruct,4,0.250000
SciQ,Llama-3.1-8B-Instruct,5,0.252000
SciQ,Llama-3.1-8B-Instruct,6,0.254000
SciQ,Llama-3.1-8B-Instruct,7,0.256000
SciQ,Llama-3.1-8B-Instruct,8,0.265000
SciQ,Llama-3.1-8B-Instruct,9,0.294000
SciQ,Llama-3.1-8B-Instruct,10,0.314000
SciQ,Llama-3.1-8B-Instruct,11,0.372000
SciQ,Llama-3.1-8B-Instruct,12,0.443000
SciQ,Llama-3.1-8B-Instruct,13,0.509000
SciQ,Llama-3.1-8B-Instruct,14,0.629000
SciQ,Llama-3.1-8B-Instruct,15,0.650000
SciQ,Llama-3.1-8B-Instruct,16,0.724000
SciQ,Llama-3.1-8B-Instruct,17,0.758000
SciQ,Llama-3.1-8B-Instruct,18,0.889000
SciQ,Llama-3.1-8B-Instruct,19,0.887000
SciQ,Llama-3.1-8B-Instruct,20,0.892000
SciQ,Llama-3.1-8B-Instruct,21,0.891000
SciQ,Llama-3.1-8B-Instruct,22,0.888000
SciQ,Llama-3.1-8B-Instruct,23,0.899000
SciQ,Llama-3.1-8B-Instruct,24,0.895000
SciQ,Llama-3.1-8B-Instruct,25,0.898000
SciQ,Llama-3.1-8B-Instruct,26,0.895000
SciQ,Llama-3.1-8B-Instruct,27,0.898000
SciQ,Llama-3.1-8B-Instruct,28,0.898000
SciQ,Llama-3.1-8B-Instruct,29,0.901000
SciQ,Llama-3.1-8B-Instruct,30,0.903000
SciQ,Llama-3.1-8B-Instruct,31,0.905000
SciQ,Llama-3.1-8B-Instruct,32,0.895000
BioMixQA,Olmo-3-7B-Instruct,0,0.231994
BioMixQA,Olmo-3-7B-Instruct,1,0.235431
BioMixQA,Olmo-3-7B-Instruct,2,0.179693
BioMixQA,Olmo-3-7B-Instruct,3,0.192755
BioMixQA,Olmo-3-7B-Instruct,4,0.192861
BioMixQA,Olmo-3-7B-Instruct,5,0.199418
BioMixQA,Olmo-3-7B-Instruct,6,0.189529
BioMixQA,Olmo-3-7B-Instruct,7,0.186409
BioMixQA,Olmo-3-7B-Instruct,8,0.196140
BioMixQA,Olmo-3-7B-Instruct,9,0.219038
BioMixQA,Olmo-3-7B-Instruct,10,0.245214
BioMixQA,Olmo-3-7B-Instruct,11,0.235378
BioMixQA,Olmo-3-7B-Instruct,12,0.238657
BioMixQA,Olmo-3-7B-Instruct,13,0.235431
BioMixQA,Olmo-3-7B-Instruct,14,0.228874
BioMixQA,Olmo-3-7B-Instruct,15,0.255050
BioMixQA,Olmo-3-7B-Instruct,16,0.258276
BioMixQA,Olmo-3-7B-Instruct,17,0.281121
BioMixQA,Olmo-3-7B-Instruct,18,0.268059
BioMixQA,Olmo-3-7B-Instruct,19,0.294024
BioMixQA,Olmo-3-7B-Instruct,20,0.307245
BioMixQA,Olmo-3-7B-Instruct,21,0.307298
BioMixQA,Olmo-3-7B-Instruct,22,0.310524
BioMixQA,Olmo-3-7B-Instruct,23,0.346430
BioMixQA,Olmo-3-7B-Instruct,24,0.326864
BioMixQA,Olmo-3-7B-Instruct,25,0.346430
BioMixQA,Olmo-3-7B-Instruct,26,0.352988
BioMixQA,Olmo-3-7B-Instruct,27,0.352882
BioMixQA,Olmo-3-7B-Instruct,28,0.362718
BioMixQA,Olmo-3-7B-Instruct,29,0.379059
BioMixQA,Olmo-3-7B-Instruct,30,0.352988
BioMixQA,Olmo-3-7B-Instruct,31,0.343258
BioMixQA,Olmo-3-7B-Instruct,32,0.329931
LogiQA,Olmo-3-7B-Instruct,0,0.278039
LogiQA,Olmo-3-7B-Instruct,1,0.256606
LogiQA,Olmo-3-7B-Instruct,2,0.256606
LogiQA,Olmo-3-7B-Instruct,3,0.248878
LogiQA,Olmo-3-7B-Instruct,4,0.241186
LogiQA,Olmo-3-7B-Instruct,5,0.221233
LogiQA,Olmo-3-7B-Instruct,6,0.201221
LogiQA,Olmo-3-7B-Instruct,7,0.208972
LogiQA,Olmo-3-7B-Instruct,8,0.218109
LogiQA,Olmo-3-7B-Instruct,9,0.221198
LogiQA,Olmo-3-7B-Instruct,10,0.242701
LogiQA,Olmo-3-7B-Instruct,11,0.227317
LogiQA,Olmo-3-7B-Instruct,12,0.238027
LogiQA,Olmo-3-7B-Instruct,13,0.245743
LogiQA,Olmo-3-7B-Instruct,14,0.233423
LogiQA,Olmo-3-7B-Instruct,15,0.259554
LogiQA,Olmo-3-7B-Instruct,16,0.299530
LogiQA,Olmo-3-7B-Instruct,17,0.295021
LogiQA,Olmo-3-7B-Instruct,18,0.319542
LogiQA,Olmo-3-7B-Instruct,19,0.304251
LogiQA,Olmo-3-7B-Instruct,20,0.328820
LogiQA,Olmo-3-7B-Instruct,21,0.310393
LogiQA,Olmo-3-7B-Instruct,22,0.305778
LogiQA,Olmo-3-7B-Instruct,23,0.298086
LogiQA,Olmo-3-7B-Instruct,24,0.285719
LogiQA,Olmo-3-7B-Instruct,25,0.301116
LogiQA,Olmo-3-7B-Instruct,26,0.314927
LogiQA,Olmo-3-7B-Instruct,27,0.310311
LogiQA,Olmo-3-7B-Instruct,28,0.308761
LogiQA,Olmo-3-7B-Instruct,29,0.301080
LogiQA,Olmo-3-7B-Instruct,30,0.308761
LogiQA,Olmo-3-7B-Instruct,31,0.296524
LogiQA,Olmo-3-7B-Instruct,32,0.285755
MathQA,Olmo-3-7B-Instruct,0,0.237000
MathQA,Olmo-3-7B-Instruct,1,0.235000
MathQA,Olmo-3-7B-Instruct,2,0.235000
MathQA,Olmo-3-7B-Instruct,3,0.236000
MathQA,Olmo-3-7B-Instruct,4,0.234000
MathQA,Olmo-3-7B-Instruct,5,0.235000
MathQA,Olmo-3-7B-Instruct,6,0.240000
MathQA,Olmo-3-7B-Instruct,7,0.240000
MathQA,Olmo-3-7B-Instruct,8,0.246000
MathQA,Olmo-3-7B-Instruct,9,0.226000
MathQA,Olmo-3-7B-Instruct,10,0.226000
MathQA,Olmo-3-7B-Instruct,11,0.220000
MathQA,Olmo-3-7B-Instruct,12,0.232000
MathQA,Olmo-3-7B-Instruct,13,0.216000
MathQA,Olmo-3-7B-Instruct,14,0.230000
MathQA,Olmo-3-7B-Instruct,15,0.223000
MathQA,Olmo-3-7B-Instruct,16,0.272000
MathQA,Olmo-3-7B-Instruct,17,0.276000
MathQA,Olmo-3-7B-Instruct,18,0.265000
MathQA,Olmo-3-7B-Instruct,19,0.271000
MathQA,Olmo-3-7B-Instruct,20,0.280000
MathQA,Olmo-3-7B-Instruct,21,0.279000
MathQA,Olmo-3-7B-Instruct,22,0.290000
MathQA,Olmo-3-7B-Instruct,23,0.288000
MathQA,Olmo-3-7B-Instruct,24,0.288000
MathQA,Olmo-3-7B-Instruct,25,0.265000
MathQA,Olmo-3-7B-Instruct,26,0.270000
MathQA,Olmo-3-7B-Instruct,27,0.278000
MathQA,Olmo-3-7B-Instruct,28,0.269000
MathQA,Olmo-3-7B-Instruct,29,0.281000
MathQA,Olmo-3-7B-Instruct,30,0.293000
MathQA,Olmo-3-7B-Instruct,31,0.278000
MathQA,Olmo-3-7B-Instruct,32,0.287000
SciQ,Olmo-3-7B-Instruct,0,0.253000
SciQ,Olmo-3-7B-Instruct,1,0.250000
SciQ,Olmo-3-7B-Instruct,2,0.254000
SciQ,Olmo-3-7B-Instruct,3,0.241000
SciQ,Olmo-3-7B-Instruct,4,0.240000
SciQ,Olmo-3-7B-Instruct,5,0.247000
SciQ,Olmo-3-7B-Instruct,6,0.233000
SciQ,Olmo-3-7B-Instruct,7,0.241000
SciQ,Olmo-3-7B-Instruct,8,0.243000
SciQ,Olmo-3-7B-Instruct,9,0.253000
SciQ,Olmo-3-7B-Instruct,10,0.275000
SciQ,Olmo-3-7B-Instruct,11,0.282000
SciQ,Olmo-3-7B-Instruct,12,0.329000
SciQ,Olmo-3-7B-Instruct,13,0.361000
SciQ,Olmo-3-7B-Instruct,14,0.400000
SciQ,Olmo-3-7B-Instruct,15,0.458000
SciQ,Olmo-3-7B-Instruct,16,0.671000
SciQ,Olmo-3-7B-Instruct,17,0.782000
SciQ,Olmo-3-7B-Instruct,18,0.808000
SciQ,Olmo-3-7B-Instruct,19,0.796000
SciQ,Olmo-3-7B-Instruct,20,0.858000
SciQ,Olmo-3-7B-Instruct,21,0.860000
SciQ,Olmo-3-7B-Instruct,22,0.864000
SciQ,Olmo-3-7B-Instruct,23,0.867000
SciQ,Olmo-3-7B-Instruct,24,0.869000
SciQ,Olmo-3-7B-Instruct,25,0.861000
SciQ,Olmo-3-7B-Instruct,26,0.868000
SciQ,Olmo-3-7B-Instruct,27,0.864000
SciQ,Olmo-3-7B-Instruct,28,0.867000
SciQ,Olmo-3-7B-Instruct,29,0.864000
SciQ,Olmo-3-7B-Instruct,30,0.869000
SciQ,Olmo-3-7B-Instruct,31,0.856000
SciQ,Olmo-3-7B-Instruct,32,0.851000
BioMixQA,Qwen2.5-7B-Instruct,0,0.231994
BioMixQA,Qwen2.5-7B-Instruct,1,0.163458
BioMixQA,Qwen2.5-7B-Instruct,2,0.199365
BioMixQA,Qwen2.5-7B-Instruct,3,0.173242
BioMixQA,Qwen2.5-7B-Instruct,4,0.189424
BioMixQA,Qwen2.5-7B-Instruct,5,0.235272
BioMixQA,Qwen2.5-7B-Instruct,6,0.225595
BioMixQA,Qwen2.5-7B-Instruct,7,0.251666
BioMixQA,Qwen2.5-7B-Instruct,8,0.248281
BioMixQA,Qwen2.5-7B-Instruct,9,0.245056
BioMixQA,Qwen2.5-7B-Instruct,10,0.251772
BioMixQA,Qwen2.5-7B-Instruct,11,0.241935
BioMixQA,Qwen2.5-7B-Instruct,12,0.248334
BioMixQA,Qwen2.5-7B-Instruct,13,0.241671
BioMixQA,Qwen2.5-7B-Instruct,14,0.307298
BioMixQA,Qwen2.5-7B-Instruct,15,0.307086
BioMixQA,Qwen2.5-7B-Instruct,16,0.307086
BioMixQA,Qwen2.5-7B-Instruct,17,0.336542
BioMixQA,Qwen2.5-7B-Instruct,18,0.356372
BioMixQA,Qwen2.5-7B-Instruct,19,0.385616
BioMixQA,Qwen2.5-7B-Instruct,20,0.444527
BioMixQA,Qwen2.5-7B-Instruct,21,0.451243
BioMixQA,Qwen2.5-7B-Instruct,22,0.425066
BioMixQA,Qwen2.5-7B-Instruct,23,0.425119
BioMixQA,Qwen2.5-7B-Instruct,24,0.428451
BioMixQA,Qwen2.5-7B-Instruct,25,0.425225
BioMixQA,Qwen2.5-7B-Instruct,26,0.431676
BioMixQA,Qwen2.5-7B-Instruct,27,0.434902
BioMixQA,Qwen2.5-7B-Instruct,28,0.454574
LogiQA,Qwen2.5-7B-Instruct,0,0.278039
LogiQA,Qwen2.5-7B-Instruct,1,0.216606
LogiQA,Qwen2.5-7B-Instruct,2,0.259636
LogiQA,Qwen2.5-7B-Instruct,3,0.248831
LogiQA,Qwen2.5-7B-Instruct,4,0.247293
LogiQA,Qwen2.5-7B-Instruct,5,0.238039
LogiQA,Qwen2.5-7B-Instruct,6,0.219648
LogiQA,Qwen2.5-7B-Instruct,7,0.210452
LogiQA,Qwen2.5-7B-Instruct,8,0.213482
LogiQA,Qwen2.5-7B-Instruct,9,0.241163
LogiQA,Qwen2.5-7B-Instruct,10,0.241116
LogiQA,Qwen2.5-7B-Instruct,11,0.242701
LogiQA,Qwen2.5-7B-Instruct,12,0.248820
LogiQA,Qwen2.5-7B-Instruct,13,0.258074
LogiQA,Qwen2.5-7B-Instruct,14,0.253423
LogiQA,Qwen2.5-7B-Instruct,15,0.259542
LogiQA,Qwen2.5-7B-Instruct,16,0.264134
LogiQA,Qwen2.5-7B-Instruct,17,0.256465
LogiQA,Qwen2.5-7B-Instruct,18,0.264228
LogiQA,Qwen2.5-7B-Instruct,19,0.268761
LogiQA,Qwen2.5-7B-Instruct,20,0.410229
LogiQA,Qwen2.5-7B-Instruct,21,0.433212
LogiQA,Qwen2.5-7B-Instruct,22,0.442431
LogiQA,Qwen2.5-7B-Instruct,23,0.439342
LogiQA,Qwen2.5-7B-Instruct,24,0.431709
LogiQA,Qwen2.5-7B-Instruct,25,0.445473
LogiQA,Qwen2.5-7B-Instruct,26,0.456218
LogiQA,Qwen2.5-7B-Instruct,27,0.430053
LogiQA,Qwen2.5-7B-Instruct,28,0.437757
MathQA,Qwen2.5-7B-Instruct,0,0.237000
MathQA,Qwen2.5-7B-Instruct,1,0.237000
MathQA,Qwen2.5-7B-Instruct,2,0.222000
MathQA,Qwen2.5-7B-Instruct,3,0.238000
MathQA,Qwen2.5-7B-Instruct,4,0.222000
MathQA,Qwen2.5-7B-Instruct,5,0.236000
MathQA,Qwen2.5-7B-Instruct,6,0.229000
MathQA,Qwen2.5-7B-Instruct,7,0.217000
MathQA,Qwen2.5-7B-Instruct,8,0.219000
MathQA,Qwen2.5-7B-Instruct,9,0.210000
MathQA,Qwen2.5-7B-Instruct,10,0.212000
MathQA,Qwen2.5-7B-Instruct,11,0.224000
MathQA,Qwen2.5-7B-Instruct,12,0.227000
MathQA,Qwen2.5-7B-Instruct,13,0.230000
MathQA,Qwen2.5-7B-Instruct,14,0.211000
MathQA,Qwen2.5-7B-Instruct,15,0.208000
MathQA,Qwen2.5-7B-Instruct,16,0.220000
MathQA,Qwen2.5-7B-Instruct,17,0.233000
MathQA,Qwen2.5-7B-Instruct,18,0.229000
MathQA,Qwen2.5-7B-Instruct,19,0.222000
MathQA,Qwen2.5-7B-Instruct,20,0.293000
MathQA,Qwen2.5-7B-Instruct,21,0.336000
MathQA,Qwen2.5-7B-Instruct,22,0.335000
MathQA,Qwen2.5-7B-Instruct,23,0.340000
MathQA,Qwen2.5-7B-Instruct,24,0.323000
MathQA,Qwen2.5-7B-Instruct,25,0.349000
MathQA,Qwen2.5-7B-Instruct,26,0.313000
MathQA,Qwen2.5-7B-Instruct,27,0.308000
MathQA,Qwen2.5-7B-Instruct,28,0.308000
SciQ,Qwen2.5-7B-Instruct,0,0.253000
SciQ,Qwen2.5-7B-Instruct,1,0.237000
SciQ,Qwen2.5-7B-Instruct,2,0.258000
SciQ,Qwen2.5-7B-Instruct,3,0.256000
SciQ,Qwen2.5-7B-Instruct,4,0.252000
SciQ,Qwen2.5-7B-Instruct,5,0.249000
SciQ,Qwen2.5-7B-Instruct,6,0.266000
SciQ,Qwen2.5-7B-Instruct,7,0.266000
SciQ,Qwen2.5-7B-Instruct,8,0.265000
SciQ,Qwen2.5-7B-Instruct,9,0.268000
SciQ,Qwen2.5-7B-Instruct,10,0.279000
SciQ,Qwen2.5-7B-Instruct,11,0.282000
SciQ,Qwen2.5-7B-Instruct,12,0.297000
SciQ,Qwen2.5-7B-Instruct,13,0.358000
SciQ,Qwen2.5-7B-Instruct,14,0.392000
SciQ,Qwen2.5-7B-Instruct,15,0.447000
SciQ,Qwen2.5-7B-Instruct,16,0.484000
SciQ,Qwen2.5-7B-Instruct,17,0.626000
SciQ,Qwen2.5-7B-Instruct,18,0.702000
SciQ,Qwen2.5-7B-Instruct,19,0.841000
SciQ,Qwen2.5-7B-Instruct,20,0.930000
SciQ,Qwen2.5-7B-Instruct,21,0.938000
SciQ,Qwen2.5-7B-Instruct,22,0.936000
SciQ,Qwen2.5-7B-Instruct,23,0.940000
SciQ,Qwen2.5-7B-Instruct,24,0.938000
SciQ,Qwen2.5-7B-Instruct,25,0.936000
SciQ,Qwen2.5-7B-Instruct,26,0.939000
SciQ,Qwen2.5-7B-Instruct,27,0.941000
SciQ,Qwen2.5-7B-Instruct,28,0.941000
